<?xml version="1.0" encoding="UTF-8"?>

<facelet-taglib version="2.2" xmlns="http://xmlns.jcp.org/xml/ns/javaee"
                xmlns:xsi="http://www.w3.org/2001/XMLSchema-instance"
                xsi:schemaLocation="http://xmlns.jcp.org/xml/ns/javaee http://xmlns.jcp.org/xml/ns/javaee/web-facelettaglibrary_2_2.xsd">

    <namespace>http://org.books/books</namespace>
    <tag>
        <tag-name>validateCardNumber</tag-name>
        <validator>
            <validator-id>org.books.presentation.validator.creditcardvalidator</validator-id>
        </validator>
    </tag>

    <function>
        <function-name>localizeEnum</function-name>
        <function-class>org.books.util.EnumTranslator</function-class>
        <function-signature>String getMessageKey(java.lang.Enum)</function-signature>
    </function>
</facelet-taglib>